Word	PartOfSpeech	Definition
Nhu		Animal
Eh		Wing
Ne		Cat
Nevul		Dog
Kivul		Fox
Kovul		Wolf
Ravul		Bear
Una		Fish
Awk		Bird
Mo		Cow
Gha		Pig
Sul		Mouse
Mar		Horse
Rapiamarrabuk		Train
Marraawk		Plane
Marbuk		Car
Marrabuk		Truck
Mimarbuk		Bicycle
Marra		Bus
Samarbuk		Boat
Samarrabuk		Ship
Buk		Tire
Assa		Gasoline
Komar		Engine
		(train) Ticket
Kopiameyti		Transportation
Mp		City
Mise		House
Dekimise		Apartment
Gah		Street/Road
Marraawkmihe		Airport
Rasemarrabukmihe		Train Station
Gaheheh		Bridge
		Hotel
Dn		Restaurant
Le		Farm
Kyhe		Court
Ka		School
Hepi		Office
Pi		Room
Kimp		Town
Koka		University
Hahesadn		Club
Sadn 		Bar
Hahele		Park
Hahelemise		Camp
Nd 		Store/Shop
Hahe		Theater/Recreation/Ent
Luhe		Libarary
Ahzahhe		Hospital
Munmise		Church/Temple
Lend		Market
Ramise		Country
He		Building
Pia		Ground/Land
Ae		Space (outer)
Canhe		Bank
Me		Location
Lo		Faraway
Komimikg		People's Repubic
Kgexkomi		Republic
		Hat
		Dress
Pity		Suit
Ti		Shirt
Kiti		T-Shirt
		Pants
Te		Shoes
		Pockets
Junti		Coat
		Stain
Ty		Clothing
		Red
		Green
Casa		Blue (light/dark)
		Yellow
		Brown
		Pink
		Orange
Cazah		Black
Camun		White
		Gray
Ca		Color
Komi		People
Mieb		Son
Mina		Daughter
Aniv		Mother
Ebiv		Father
Kisi		Baby
Eb		Man
An		Woman
Miisbe		Brother
Miisna		Sister
Mikomi		Family
Gkinebiv		Grandfather
Gkinaniv		Grandmother
Mieb		Husband
Mian		Wife
Munmieb		King
Munmian		Queen
Mew Mixekomi		President (leader)
Mewmikomi		Neighbor
Be		Boy
Na		Girl
Is		Child
Si		Adult
Hueb		Round + Man "Human"
Peeb		Sharp + Man "Elves"
Kivulpeeb		Vulpine
Ravulhueb		Ursine
Kovulpeeb		Lupine
Kihueb		Dwarves
Sulhueb		Lutryne
Mimi		Friend
		Victim
		Player
		Fan
Kokomi		Crowd
Mi		Person
Mewmimi		Honored Friend
Kaien		Teacher
Kikaien		Student
Kyluen		Lawyer
Mewahzahen		Doctor
Mimiahzah		Patient
Denen		Waiter
		Secretary
Munmimi		Priest
Ooen		Police
Raooen		Army
Reraooen		Soldier
Ahen		Artist
Ahluen		Author
		Manager
Kilumibqawmien		Reporter
		Actor
En		Job
Ahzamimi 		Oracle
Kakmimi 		Seer
Komixemun		religion
Munmise		heaven
Zahmise		hell
Zah		death
		medicine
Can		money
Recan		dollar
		bill
		marriage
		wedding
		team
		relationship
		race (ethnicity)
		sex (the act)
		sex (gender)
		murder
		prison
		technology
		energy
		war
		peace
		attack
		election
		magazine
		newspaper
		poison
		gun
		sport
		race (sport)
		exercise
		ball
		game
		price
		contract
		drug
		sign
		science
Ahxemun		God
Kilumixekomi		language
Kilu		Word
Kilumi		Word's
Miahzakak		Servant 
Munmiahzakak		God's Servants
Mun		God
Ahxemun		Mun
		band
		song
		instrument (musical)
		music
		movie
		art
		coffee
		tea
		wine
		beer
		juice
		water
		milk
		beverage
		egg
		cheese
		bread
		soup
		cake
		chicken
		pork
		beef
		apple
		banana
		orange
		lemon
		corn
		rice
		oil
		seed
		knife
		spoon
		fork
		plate
		cup
		breakfast
		lunch
		dinner
		sugar
		salt
		bottle
		food
		table
		chair
		bed
		dream
		window
		door
		bedroom
		kitchen
		bathroom
		pencil
		pen
		photograph
		soap
		book
		page
		key
		paint
		letter
		note
		wall
		paper
		floor
		ceiling
		roof
		pool
		lock
		telephone
		garden
		yard
		needle
		bag
		box
		gift
		card
		ring
		tool
		clock
		lamp
		fan
		cell phone
		network
		computer
		program (computer)
		laptop
		screen
		camera
		television
		radio
Kikiassak		microwave
		head
		neck
		face
		beard
		hair
		eye
		mouth*
		lip*
		nose
		tooth
		ear
		tear (drop)
		tongue
		back
		toe
		finger
		foot
		hand
		leg
		arm
		shoulder
		heart
		blood
		brain
		knee
		sweat
		disease
		bone
Mikilu		voice
		skin
		body
		sea*
Korasak		ocean*
Tisase 		river
		mountain
		rain
		snow
In		tree
		sun
		moon
		world
		Earth
Koin		forest
		sky
Ni		plant
		wind
		soil/earth
Cani		flower
Tisasedzse		valley
		root
Wasase		lake
		star
		grass
		leaf
		air
		sand
		beach
		wave
		fire
		ice
		island
		hill
		heat
		nature
		glass
		metal
		plastic
		wood
		stone
		diamond
		clay
		dust
		gold
		copper
		silver
		material
		meter
		centimeter
		kilogram
		inch
		foot
		pound
		half
		circle
		square
		temperature
		date
		weight
		edge
		corner
		top
		bottom
		side
		front
		back
		outside
		inside
		up
		down
		left
		right
		straight
Ma		north
Am		south
Mu		east
Um		west
		direction
		Summer
		Spring
		Winter
		Fall
		season
		0
		1
		2
		3
		4
		5
		6
		7
		8
		9
		10
		11
		12
		13
		14
		15
		16
		17
		18
		19
		20
		21
		22
		30
		31
		32
		40
		41
		42
		50
		51
		52
		60
		61
		62
		70
		71
		72
		80
		81
		82
		90
		91
		92
		100
		101
		102
		110
		111
		1000
		1001
		10000
		100000
		million
		billion
		1st
		2nd
		3rd
		4th
		5th
		number
		January
		February
		March
		April
		May
		June
		July
		August
		September
		October
		November
		December
		Monday
		Tuesday
		Wednesday
		Thursday
		Friday
		Saturday
		Sunday
		year
		month
		week
		day
		hour
		minute
		second
		morning
		afternoon
		evening
		night
		time
		map
		dot
		consonant
		vowel
		light
		sound
		yes
		no
		piece
		pain
		injury
		hole
		image
		pattern
		noun
		verb
		adjective
		Which
		What
		Whose (personal possessive determiner)
Hum		Who
Hummi		Whom
Hummimi		Whose (personal)
Huh		What
Hun		Which
Huhmey		where (location)
		whither (signification / goal)
		whence (source)
		when (time)
		how (manner)
		why (reason)
		whether and whatsoever (choice between alternatives)
		work
		play
		walk
		run
		drive
		fly
		swim
		go
		stop
		follow
		think
		speak/say
		eat
		drink
		kill
		die
		smile
		laugh
		cry
		buy*
		pay*
		sell*
		shoot(a gun)
		learn
		jump
		smell
		hear* (a sound)
		listen*  (music)
		taste
		touch
		see (a bird)
		watch (TV)
		kiss
		burn
		melt
		dig
		explode
		sit
		stand
		love
		pass
		by
		cut
		fight
		lie down
		dance
		sleep
		wake up
		sing
		count
		marry
		pray
		win
		lose
		mix/stir
		bend
		wash
		cook
		open
		close
		write
		call
		turn
		build
		teach
		grow
		draw
		feed
		catch
		throw
		clean
		find
		fall
		push
		pull
		carry
		break
		wear
		hang
		shake
		sign
		beat
		lift
		long
		short (vs long)
		tall
		short (vs tall)
		wide
		narrow
		big/large
		small/little
		slow
		fast
		hot
		cold
		warm
		cool
		new
		old (new)
		young
		old (young)
		good
		bad
		wet
		dry
		sick
		healthy
		loud
		quiet
		happy
		sad
		beautiful
		ugly
		deaf
		blind
		nice
		mean
		rich
		poor
		thick
		thin
		expensive
		cheap
		flat
		curved
		male
		female
		tight
		loose
		high
		low
		soft
		hard
		deep
		shallow
		clean
		dirty
		strong
		weak
		dead
		alive
		heavy
		light (heavy)
		dark
		light (dark)
		nuclear
		famous
Laynon		superior
La		I
		you (singular)
		he
		she
		it
		we
On		you (plural
		as in "y'all")
		they
a		
aa		
ab		
ac		
ad		
ae		Space (outer)-
af		
ag		
ah		Create/Creative/Creation
ai		Me
aj		
ak		
al		
am		South
an		Female
ao		
ap		
aq		
ar		
as		Fire
at		
au		
av		
aw		Wind
ax		
ay		
az		
b		
ba		
bb		
bc		
bd		
be		Boy
bf		
bg		
bh		
bi		
bj		
bk		
bl		
bm		
bn		
bo		
bp		
bq		on
br		
bs		
bt		
bu		
bv		
bw		
bx		
by		
bz		
c	color-	
ca		
cb		
cc		
cd		
ce		
cf		
cg		
ch		
ci		
cj		
ck		
cl		
cm		
cn		
co		
cp		
cq		
cr		
cs		
ct		
cu		
cv		
cw		
cx		
cy		
cz		
d		
da		
db		
dc		
dd		
de		
df		
dg		
dh		
di		
dj		
dk		
dl		
dm		
dn		
do		
dp		
dq		
dr		
ds		
dt		
du		
dv		
dw		
dx		
dy		
dz	Between	
e		
ea		
eb	Male	
ec		
ed		
ee		
ef		
eg		
eh	Wing	
ei		
ej		
ek		
el		
em		
en	job / employed	
eo		
ep		
eq		
er		
es	Sky/Air	
et		
eu		
ev		
ew		
ex	from	
ey		
ez		
f		
fa		
fb		
fc		
fd		
fe		
ff		
fg		
fh		
fi		
fj		
fk		
fl		
fm		
fn		
fo		
fp		
fq		
fr		
fs		
ft		
fu		
fv		
fw		
fx		
fy		
fz		
g		
ga		
gb		
gc		
gd		
ge		
gf		
gg		
gh		
gi		
gj		
gk	weak	
gl		
gm		
gn		
go		
gp		
gq		
gr		
gs		
gt		
gu		
gv		
gw		
gx		
gy		
gz		
h		
ha	Fun- / -uncreative	
hb		
hc		
hd		
he	Building	
hf		
hg		
hh		
hi		
hj		
hk		
hl		
hm		
hn		
ho		
hp		
hq		
hr		
hs		
ht		
hu	Round	
hv		
hw		
hx		
hy		
hz		
i	I (self)	
ia		
ib		
ic		
id		
ie		
if		
ig		
ih		
ii		
ij		
ik		
il		
im		
in		
io		
ip		
iq		
ir	child	
is		
it		
iu	nurture	
iv		
iw		
ix		
iy		
iz		
j		
ja		
jb		
jc		
jd		
je		
jf		
jg		
jh		
ji		
jj		
jk		
jl		
jm		
jn		
jo	limited	
jp		
jq		
jr		
js		
jt		
ju	War	
jv		
jw		
jx		
jy		
jz		
k	Sufix - amplifies	
ka		
kb		
kc		
kd		
ke		
kf		
kg	Power	
kh		
ki	Few/Small	
kj		
kk		
kl		
km		
kn		
ko	Many/Large	
kp		
kq		
kr		
ks		
kt		
ku		
kv		
kw		
kx		
ky	Law	
kz		
l		
la		
lb		
lc		
ld		
le		
lf		
lg		
lh		
li		
lj		
lk		
ll		
lm		
ln	Tree	
lo		
lp		
lq		
lr		
ls		
lt		
lu	Book	
lv		
lw		
lx		
ly		
lz		
m		
ma	North	
mb		
mc		
md		
me		
mf		
mg		
mh		
mi	Person/Self ( prefix) | Ownership (Infix) | Tribe (suffix)	
mj		
mk		
ml		
mm		
mn		
mo	Cow	
mp		
mq		
mr		
ms		
mt		
mu	East	
mv		
mw		
mx		
my		
mz		
n		
na	Girl	
nb		
nc		
nd		
ne	Cat	
nf		
ng	#NAME?	
nh		
ni	Plant	
nj		
nk		
nl		
nm		
nn		
no	Them	
np		
nq		
nr		
ns		
nt		
nu		
nv		
nw		
nx		
ny	Above	
nz		
o		
oa		
ob		
oc		
od		
oe		
of		
og		
oh		
oi		
oj	Absolute	
ok		
ol		
om		
on	you (plural as in "y'all")	
oo	Protect/Protection	
op		
oq		
or		
os		
ot		
ou		
ov		
ow		
ox		
oy		
oz		
p		
pa		
pb		
pc		
pd		
pe	Sharp	
pf		
pg		
ph		
pi	Room	
pj		
pk		
pl		
pm		
pm		
po		
pp		
pq		
pr		
ps		
pt		
pu		
pv		
pw		
px		
py		
pz		
q		
qa		
qb	off	
qc		
qd		
qe		
qf		
qg		
qh		
qi		
qj		
qk		
ql		
qm		
qn		
qo		
qp		
qq		
qr		
qs		
qt		
qu		
qv		
qw		
qx		
qy		
qz		
r		
ra	Large	
rb		
rc		
rd		
re	Single/One - #1	
rf		
rg		
rh	#2 /	
ri		
rj		
rk		
rl		
rm		
rn	Body	
ro	#4 / 	
rp		
rq		
rr		
rs		
rt		
ru	#5 /	
rv		
rw		
rx		
ry	#3 /	
rz		
s		
sa	Water	
sb		
sc		
sd		
se	Ground/land	
sf		
sg		
sh		
si	Adult	
sj		
sk		
sl		
sm		
sn		
so		
sp		
sq		
sr		
ss		
st		
su		
sv		
sw		
sx		
sy		
sz		
t		
ta		
tb		
tc		
td		
te		
tf		
tg		
th		
ti	Travel	
tj		
tk		
tl		
tm		
tn		
to		
tp		
tq		
tr		
ts		
tt		
tu		
tv		
tw		
tx		
ty		
tz		
u		
ua		
ub		
uc		
ud		
ue		
uf		
ug		
uh	Angular/Square	
ui		
uj	Peace- / -calm	
uk		
ul		
um	West	
un		
uo		
up		
uq		
ur		
us		
ut		
uu		
uv		
uw		
ux		
uy		
uz		
v		
va		
vb		
vc		
vd		
ve		
vf		
vg		
vh		
vi	Strike/hit	
vj		
vk		
vl		
vm		
vn		
vo		
vp		
vq		
vr		
vs		
vt		
vu		
vv		
vw		
vx		
vy		
vz		
w		
wa	calm/still	
wb		
wc		
wd		
we		
wf		
wg		
wh		
wi		
wj		
wk		
wl		
wm		
wn		
wo		
wp		
wq		
wr		
ws		
wt		
wu		
wv		
ww		
wx		
wy		
wz		
x		
xa		
xb		
xc		
xd		
xe	of	
xf		
xg		
xh		
xi		
xj		
xk		
xl		
xm		
xn		
xo		
xp		
xq		
xr		
xs		
xt		
xu		
xv		
xw		
xx		
xy		
xz		
y	(Yay) and	
ya		
yb		
yc		
yd		
ye		
yf		
yg		
yh		
yi		
yj		
yk		
yl		
ym		
yn	Under/Below	
yo		
yp		
yq		
yr		
ys		
yt		
yu		
yv		
yw		
yx		
yy		
yz		
z	Prefix - Opposite (more than 2 letter)	
za		
zb		
zc		
zd	Outside Of	
ze		
zf		
zg		
zh		
zi		
zj		
zk		
zl		
zm		
zn		
zo		
zp		
zq		
zr		
zs		
zt		
zu		
zv		
zw		
zx		
zy		
zz		
